c_id,first_name,last_name,gender,birth_date
c_100086,Grace,Ellison,F,4/18/2013
c_100582,Gretchen,Hendricks,1,7/2/2013
c_100616,Lenore,Decker,Female,4/3/2013
c_100782,Bo,Li,Male,9/20/2012
c_102713,Lee,Khan,Female,1/7/2013
c_102821,Zane,Schwab,M,2/17/2014
c_103352,Nicholas ,Brown Archibald,M,11/30/2014
c_105393,Lashawna,Worthy Sullivan,F,4/24/2012
c_106056,Jamaal,Himes,M,5/8/2014
c_107467,Leandra,Moulton,Female,1/2/2013
c_107635,Thuy,Ammons Nicholson,F,6/10/2012
c_107996,Burt,Sizemore,M,3/24/2011
c_108171,Joan,Pineda,Female,4/7/2013
c_108427,Ienaga,Tama,Female,3/24/2012
c_108874,Betsy,Gross,Female,2/10/2013
c_108966,Burt,Pritchett,M,4/21/2014
c_109685,Cordell,Xiong,M,9/22/2014
c_109712,Zane,Richmond,Male,3/3/2012
c_111217,Jadwiga,Lovelace-Davidson,F,8/9/2014
c_114026,Elizabeth,Morillo,Female,6/23/2014
c_114068,Joyce,Cardenas,F,9/21/2011
c_115491,Augusta,Mitchell,F,6/12/2011
c_115862,Irene Ilene,Green,Female,6/30/2012
c_116088,Han,Jun,Female,3/29/2013
c_117153,Francesco,Santiago,Male,5/19/2011
c_117252,Alethia,Eldridge,Female,12/4/2012
c_118410,Alberta,Hartman,Female,9/26/2013
c_118593,Val,Shumate,M,10/17/2014
c_119787,Carissa,Sanders,F,3/11/2011
c_121681,Abe,Wyman,M,8/14/2013
c_121943,Tina Rhoda,Lee,1,6/7/2011
c_123969,Melony,Schiller,Female,2/29/2012
c_124807,Melvin Jan,Kennedy,Male,8/28/2014
c_126041,Meng,Chao,Female,5/8/2014
c_127217,Isaac,Li,Male,4/17/2014
c_128565,Doria,Luque,Female,5/22/2012
c_130171,He,ZhenKang,M,5/5/2013
c_130412,Christian,Spears,Female,4/17/2014
c_130659,Terrie,Harmon,1,11/15/2014
c_131251,Ramona,Ingram,F,12/29/2014
c_133021,Blair,London,Male,3/17/2012
c_133337,Eun,Pfeifer,Female,1/23/2012
c_133607,Marisol,Cicerón,Female,3/18/2013
c_134415,Zackary,Irizarry,M,11/27/2013
c_136976,Lorraine,York,Female,9/5/2014
c_137100,Kenneth ,Washington Gaston,M,9/17/2011
c_137126,Elise,Moore,Female,3/1/2012
c_137422,Carlos ,Lewis Brantley,M,5/17/2012
c_137481,Eric ,Bell Cabal,M,3/9/2014
c_138530,Lillian Latasha,Morgan,1,4/22/2013
c_138602,Irwin,Singh,Male,2/25/2012
c_138906,Lacy,France,Male,3/27/2011
c_139273,Kathryn Frieda,Miller,1,7/4/2013
c_139883,Alba,Fraga,Female,2/25/2011
c_140739,Noé,Saelices,Female,6/10/2013
c_142090,Epifania,Prosser-Donaldson,F,12/28/2012
c_142477,Nanette,Knapp,Female,8/11/2014
c_143142,Buffy,Kerr Van Hoose,Female,8/1/2014
c_143556,Xiong, Ju,M,7/3/2013
c_143893,Lydia Marisa,Manning,F,6/23/2013
c_145933,Jamel,Stinson,Male,12/15/2014
c_146131,Caridad,Nix Costa,Female,7/11/2012
c_146689,Jerry,Price-Swanson,Male,6/21/2011
c_147160,Opal,Short,1,5/18/2014
c_150523,Lelia,Khan,F,9/14/2012
c_151502,Myrna,Walsh,Female,1/2/2014
c_152415,Man,Holliday,Female,8/28/2013
c_152884,Antonia,Crosby,M,1/24/2013
c_153673,Rod,Darnell,M,4/17/2013
c_154202,Ruth,Perry,Female,9/27/2011
c_154253,Daryl,Soria,Female,8/24/2014
c_156140,Anita,Wiley,Female,3/22/2011
c_156529,Daniel,Harper,0,9/25/2011
c_157350,Juan ,Mitchell Cady,M,10/16/2014
c_159196,Cruz,Fraley,M,11/4/2012
c_159294,Raleigh Clifford,Murillo,Male,4/2/2013
c_159995,Fay,Hill,Female,3/12/2014
c_160368,Anette,Herring Dickerson,Female,9/19/2012
c_160895,Jeannie,Cruz,Female,8/22/2013
c_162747,Reyes,Covington,Male,9/13/2014
c_163516,Ann Ernestine,Cook,F,2/20/2014
c_163540,Melinda,Fletcher,Female,9/27/2012
c_164308,Mauricia,Sheppard-Crane,Female,
c_165010,Stephan,Lively,M,2/23/2013
c_165770,Mont'e,Donaldson,M,2/16/2012
c_165840,Fatima,Hyatt,Female,11/3/2012
c_167215,Luz,Velazquez,F,11/15/2012
c_167307,Murray,Keane,M,11/9/2014
c_168221,Albert Nicholas,Zamora,Male,5/26/2013
c_168495,Doria,Costa,Female,6/30/2014
c_169965,Kellie,Ellis,F,9/19/2014
c_170437,Qiao,Yahui,Female,9/27/2011
c_171936,Ikari,Madoka,Female,12/21/2011
c_171946,Harvey Ross,Davidson,Male,12/26/2011
c_173700,Margaret,Mitchell,Female,9/13/2014
c_174905,Jesse,Smalley-Benjamin,F,6/24/2013
c_175052,Oswaldo,Serna,Male,1/26/2011
c_176771,Lateefa,Hanif,Female,6/16/2012
c_177013,Gayle,Benitez,Female,1/4/2013
c_181179,Violet,Soto,Female,6/2/2013
c_181631,Marcelo,Oneil,M,3/3/2012
c_183072,Violeta,Bedard,Female,3/12/2011
c_183524,Tameka,Figueroa,Female,10/2/2014
c_184785,Joyce Trina,Sanders,1,5/30/2013
c_184786,Kory,Brandon,M,6/19/2011
c_185033,Kelly Gracie,Williams,1,3/13/2013
c_186988,Ronald,Jackson-Savage,Male,11/2/2014
c_187001,Blaine,Kincaid,M,4/15/2013
c_187376,Elisabeth,Whitaker Trujillo,F,6/24/2011
c_187927,Roscoe,Whitcomb,M,6/29/2011
c_188577,Milan,Lake,M,7/3/2013
c_188809,Matilde,Tuggle,Female,8/16/2014
c_189830,Liz,Ayala,Female,1/17/2014
c_190175,Xian,Bao,Female,1/9/2011
c_190709,Zhang,Heng,Female,5/17/2012
c_190816,Erika,Hinton,F,9/25/2012
c_194294,Irina,Puckett,Female,8/27/2014
c_196062,Maryanne,Flores,1,3/19/2013
c_196327,Milagros,Christian,F,7/25/2013
c_196812,Mai,Rich,Female,10/15/2013
c_197058,Son,Gaines,Female,2/19/2011
c_197285,Virginia,Montenegro,Female,1/1/2011
c_198967,LD,Herzog,M,4/13/2012
c_198976,A'ntony ,Smith Hull,M,6/3/2013
c_199445,Tama,Buck Jefferson,F,2/25/2011
c_200284,Kittie,Nielson,1,1/8/2014
c_202149,Hailey,Busch,1,8/19/2013
c_202289,Lou,Labbe,M,3/12/2012
c_203013,Rodrigo,Nation,M,3/10/2013
c_203062,Rod,Friend,M,1/18/2014
c_203482,Loyd,Stowe,M,3/10/2014
c_203633,Ana,Watts,1,7/21/2011
c_203928,Palmira,Dunning,1,6/18/2012
c_204524,Elwood,Whitley,Male,5/7/2014
c_204564,Liliana,Harms-Jansen,Female,2/31/2013
c_205176,Jeanne,Cisneros,Female,2/1/2014
c_205545,Paris,Settle,Male,3/15/2011
c_205806,Ginger,Woods,Female,2/28/2011
c_206018,Ebony Allison,Rhodes,F,4/14/2014
c_207729,Susy,Bertram-Wilkinson,F,7/30/2011
c_208776,Xiao,Liang,M,6/16/2014
c_210087,Young,Pratt,Female,8/17/2014
c_211631,Denis Jonathon,Carrillo,Male,10/10/2013
c_211656,Oswaldo,Valenzuela,Male,7/1/2013
c_212745,Alton Martin,Patterson,Male,2/20/2012
c_213342,Alicia,Marshall,Female,12/16/2013
c_215439,Benita,Villa,F,2/6/2014
c_215774,Meredith,Bryant,Female,5/1/2013
c_221148,Morris Kenny,Velazquez,Male,8/15/2012
c_224788,Sean,Gonzalez-Owen,M,2/25/2013
c_225141,Lena,Chan,Female,7/20/2012
c_225245,Harmony,Wesley-Langley,Female,8/12/2014
c_226231,Eli,Yu,0,1/17/2013
c_226563,Candace,Weiss,Female,10/8/2011
c_228232,Xuan,Yazhu,M,8/3/2011
c_229406,Annie Susanne,Howard,1,11/10/2013
c_229978,Wilfredo,Tilton,Male,6/17/2012
c_230247,Hao,Lan,Male,2/21/2014
c_230537,Jeffrey,Bowman,Male,11/24/2012
c_230655,Dominique,Curry,F,10/20/2014
c_235384,Edward,Howard,M,3/2/2011
c_235524,Christina,Osborn,Female,3/5/2014
c_236263,Jason,Hill-Hayden,M,8/30/2011
c_236380,Alice Diane,Bennett,F,9/4/2012
c_236554,Rolando,Rodríguez,M,6/11/2012
c_236613,Lawrence ,"Clark, Zapata",M,6/20/2014
c_236864,Wilton,Benedict,Male,11/4/2011
c_237202,Kirk,Fox,,10/20/2014
c_237740,Ollie Wayne,Mckenzie,Male,8/14/2012
c_238045,Porfirio,Talbert,M,2/17/2012
c_238149,Jamey,Britt-Morrison,F,9/2/2014
c_239828,Ada,Pareja,Female,1/1/2011
c_240089,Hilton,Edgar,M,3/20/2012
c_240570,Anton,Lyman,M,10/23/2012
c_240753,Sophia-Rafaela,Wise,F,10/3/2013
c_240787,Nicole Charity,Hill,1,5/12/2011
c_240929,Jackson,Parra,M,10/15/2013
c_241662,Lenny,Stark,M,5/19/2014
c_243079,Boris,Leblanc,Male,2/29/2012
c_244071,Bok,Loy,Female,5/4/2014
c_244109,Pat,Orr,0,10/15/2013
c_244853,Justin,Davis-Hardy,M,7/3/2013
c_244916,James,Robinson-Herring,Male,6/4/2012
c_245213,Farhat,Arif,Female,5/14/2012
c_246857,Patsy Noella,,Female,10/26/2011
c_247255,Christine,Diaz,Female,5/31/2012
c_247404,Marta,Miralles,Female,3/23/2012
c_248501,Hai,Tapp,Male,12/27/2012
c_249083,Antonia,Fonseca,Female,4/8/2014
c_249510,Frank ,Bailey Secada,M,9/20/2014
c_250437,Jessica,Thomas,Female,3/1/2014
c_250734,Barry (Bud),Elder,Male,8/4/2011
c_250751,Dena,Ware,Female,5/19/2014
c_252107,Gayle,Stein,Male,6/16/2011
c_252474,Irwin Kim,Esparza,Male,8/6/2014
c_252560,Gwenn,Redmond Everett,F,1/8/2013
c_253125,Janice Vera,Butler,1,6/22/2013
c_254795,Elsa,Mills,Female,1/31/2013
c_255244,Erich,Conn,M,6/25/2012
c_255478,Di'on Elias,Blankenship,Male,3/2/2011
c_256539,Sue-Melvina,Reid,F,4/30/2013
c_256694,Stephanie,Vera,Female,7/27/2012
c_257028,Yagami,Yoshino,Female,6/11/2014
c_257179,Hoyt,Mcclain,M,2/8/2012
c_257618,Laura Janice,White,Female,7/9/2001
c_258058,Ashlee,Martin,Female,3/29/2012
c_258351,Jane,Buck,Female,2/3/2013
c_258741,Peng,Yahui,Female,10/29/2011
c_260169,Tiesha,Daily,Female,4/23/2013
c_260232,Miyoko,Picard-Mclaughlin,F,7/8/2011
c_261769,Jamey,Townes,Male,4/11/2014
c_262582,Bobbie,Archibald,M,4/25/2014
c_266047,Isabelle,Reynolds,Female,9/30/2011
c_266696,Emanuel,Glover,0,2/9/2013
c_267196,Kelley,Irby,M,9/17/2011
c_268554,Willian,Wheaton,M,1/27/2013
c_269177,Marquita,Maldonado,Female,5/17/2012
c_272649,Nadene,Mcneely Tapia,F,3/22/2012
c_274104,Raymond,White-Hubbard,M,6/12/2014
c_274778,Jan,Roy,0,8/23/2011
c_277006,Kevin ,Watson Lain,M,11/8/2012
c_277028,Jeffrey ,Johnson Wallace,0,1/10/2012
c_280639,Kathrine,Cohen,Female,8/3/2011
c_281473,Eva Ariana,Patton,F,9/30/2013
c_281493,Kaye,Padilla,Female,10/13/2012
c_281986,Y'vonne-Sherell,Bates,F,5/17/2014
c_282960,Danial,Forrest,M,7/19/2012
c_285131,Billie,Walton,1,12/14/2012
c_285166,Gregory ,Russell Horsley,M,10/20/2011
c_287245,Edison,Browne,M,5/26/2012
c_287523,Mary,Rush,Male,8/17/2011
c_288204,Elden Donnie,Melendez,Male,9/6/2012
c_288279,Josiah,de la Rosa,Male,10/11/2012
c_289946,Joni,Wu,Female,3/4/2013
c_289961,Racheal,Oleary Dominguez,F,9/19/2014
c_290055,Jacklyn,Barber,F,2/9/2012
c_290512,Eve,Hernandez,F,5/29/2014
c_293026,Ezra,Noonan,M,1/1/2014
c_293314,Marnie,Castleberry-Marchand,1,4/1/2014
c_294346,Jean,O'brien,Female,2/22/2014
c_294541,Boyd,Owen-Warner,0,2/22/2014
c_294959,Francis-Jackeline,Abbott,F,6/26/2014
c_295235,Kory,Gilson,Male,12/2/2011
c_295778,Jose,Rivera,M,2/31/2013
c_295882,Pam,Ross,Female,11/7/2012
c_296999,Vashti,Thayer,Female,9/16/2014
c_297058,Ruthie,Nichols,1,7/8/2014
c_297922,Ernestine,Mason,Female,6/18/2011
c_298013,Joseph Julio,Herrera,Male,1/17/2013
c_298975,Jimmy,Young,M,6/6/2012
c_299166,Donald ,Carter Fonseca,M,3/13/2013
c_300097,Jennifer,Mcknight,F,10/24/2013
c_301395,Dick,Fenner,n,7/12/2013
c_301625,Kimberley,Hatfield,F,5/11/2013
c_303097,Gennie,Dube-Mendenhall,1,1/1/2011
c_305216,Raymon,Koenig,M,5/24/2013
c_305743,Lakeesha,Mcginnis Galloway,Female,11/12/2013
c_307459,Eugene ,Green Bolton,0,1/29/2012
c_308295,Elvis,Bradford,M,3/22/2011
c_309193,Terrie,Floyd,F,12/12/2013
c_312591,Lidia,Wilson,F,3/31/2012
c_313388,Bernadine,Hardin,F,9/24/2011
c_314587,Yolanda,Carballo,Female,2/23/2014
c_314665,Mickey,Carlos,M,2/1/2014
c_315082,Jules,Nunn,M,9/27/2013
c_315423,Pamela Josefa,Martin,F,10/30/2011
c_315866,Kathy Joni,Campbell,F,6/10/2014
c_316439,Glenn,Benedict Esparza,F,2/14/2012
c_316713,Isidro,Duffy,M,10/1/2011
c_316998,Sung,Fogle,Male,7/24/2011
c_320027,Renee-Nerissa,Cruz,,12/29/2014
c_321027,Teng,ZhenKang,Female,10/14/2014
c_321544,Madge,Pham,Female,8/9/2014
c_321910,Zena,Conrad Saavedra,Female,9/28/2014
c_323638,Ida,Lynch,Female,6/21/2012
c_324356,Shelby Toby,Cisneros,Male,9/17/2011
c_325383,Joe ,Martin Zarate,M,11/29/2013
c_325783,Foster,Durand,M,7/25/2011
c_327254,Erica,Acevedo,Female,8/31/2012
c_327666,Devora,Rhoads Christensen,F,9/7/2013
c_327776,Lilian,de la Cruz,Female,7/2/2014
c_327869,David,Allen-Cherry,Male,5/5/2011
c_328104,Fukaya,Aira,Female,11/5/2013
c_328144,Mallory,Simpson,F,10/7/2014
c_329188,Rose,Acosta,Female,3/27/2014
c_330207,Kate,Kemp,Female,7/1/2014
c_330218,Lourdes,Miranda,Female,9/30/2014
c_330702,Allison,Shepard,1,9/23/2012
c_330755,Dee,Hendrickson,M,1/26/2011
c_332933,Maynard,Cavanaugh,M,4/5/2014
c_335407,Kareem,Matney,M,10/13/2012
c_335446,Maria Audrey,Parker,1,1/16/2013
c_336277,Scott ,Martinez Flowers,0,6/1/2013
c_336566,Cyndi,Jasper,Female,2/13/2014
c_337045,Lynne,Underwood,Female,9/27/2013
c_337949,Galina,Mock-Mcconnell,F,3/12/2011
c_338383,Lela-Vannesa,Castillo,Female,3/19/2012
c_339027,Sara Aurelia,Gonzales,F,12/6/2011
c_339537,Lou,Molina,Female,5/9/2013
c_340113,Pasquale,Dehart,M,10/17/2012
c_340414,Christopher ,Peterson Willoughby,M,10/27/2012
c_341685,Rene,Hacker-Eng,1,11/20/2012
c_342209,Doreen-Lita,Schwartz,F,3/31/2013
c_343648,Blanche,Donaldson,F,10/16/2012
c_347303,Ulysses,Singer,M,10/13/2014
c_347861,Wilburn,Kellum,Male,11/10/2012
c_348072,Rickie,Burley,M,6/26/2011
c_349471,Marcella,Fowler,F,5/22/2012
c_350867,Lea,Obrien,Female,2/11/2013
c_351320,Zita,Blackburn Miranda,F,10/20/2011
c_354608,Wendolyn,Dorman/Beeler,1,11/5/2014
c_354861,Gay,Steele,Female,2/19/2014
c_355475,Dale,Mc'millan,Female,4/13/2013
c_356967,Ramona María,Mccarthy,F,3/11/2013
c_357124,Jane,Lucero,Female,1/14/2011
c_359052,Manuel,Correa,M,9/29/2012
c_359204,Noble Adam,Padilla,Male,7/27/2012
c_361118,Sade,Knox Fitzgerald,F,9/11/2012
c_361629,Fern,Mack,Female,4/6/2013
c_361660,Minh,Dodge,Male,5/2/2014
c_361697,Gloria,Japón,Female,12/5/2011
c_365068,Ardelia,Bain Camacho,F,9/12/2013
c_365701,Mildred,Harris,Female,9/11/2011
c_366524,Carl,Simmons-Mccall,M,3/31/2014
c_367612,Karoline,Mcclintock Allison,F,7/4/2012
c_367812,Hakeema,Habeeb,Female,10/8/2012
c_368142,Emmanuel,Luque,M,8/20/2012
c_368359,Franklyn,Butterfield,M,10/21/2013
c_369211,Mae,Kane,Female,3/14/2012
c_369230,Len,Higdon,Male,4/19/2013
c_369549,Broderick,Read,M,7/22/2012
c_369712,Joan Rachel,Wood,1,4/22/2013
c_371173,Hope,Parks,Female,11/4/2012
c_372176,Gay,Benjamin,Female,3/15/2013
c_372496,Jack,Sanchez,M,12/30/2014
c_373252,Felicia,Espinoza,Female,11/24/2011
c_373704,M@rquis,Ladner,M,8/20/2014
c_374691,Jeromy,Harry,M,4/18/2012
c_375090,Gail,Salazar,Female,7/4/2013
c_375732,Jessica-Skye,Ingram,F,7/11/2012
c_376107,,Edward de los Santos,M,3/21/2011
c_376406,Muriel-Mina,Sanders,Female,3/14/2013
c_378400,Parker,Bounds,M,10/19/2014
c_380527,Bong,Slater-Fulmer,Female,4/2/2013
c_380618,Todd ,Lopez Carter,Male,9/9/2011
c_383439,Lucián,Barrueco,M,11/24/2011
c_385241,Hipolito,Falls,M,12/25/2014
c_385283,William,Lin,Male,4/23/2011
c_387836,Britney,Beasley,F,1/1/2012
c_389534,Millard,Dickens,Male,5/22/2014
c_390412,Liang,Yu,Female,9/23/2012
c_390464,Darell,Mark,M,3/24/2013
c_392277,Estella,Coleman,Female,8/6/2013
c_392625,Dudley,Hollins,M,11/24/2013
c_394528,Michael ,Morgan Summers,Male,8/23/2012
c_398369,Naaila,Nasir,Female,12/20/2012
c_399483,Saleem,Khalifa,1,11/11/2011
c_399535,Trinity,Witherspoon,Female,11/11/2014
c_399649,Richie,Rawlings,M,10/26/2012
c_399859,Leonel,Hutchison,Male,5/5/2014
c_400023,Andreas,Espinoza,Male,5/9/2012
c_401323,Alissa,Arellano,Female,1/7/2012
c_401850,Hank,Delarosa,M,7/3/2011
c_401976,Lon,Barraza,M,4/30/2012
c_402836,Jarod,Vo,Male,11/18/2013
c_404210,Bennett,Gunter,M,4/28/2014
c_405272,Anibal,Gunn,Male,7/15/2011
c_405492,Briana,Seco,Female,7/12/2014
c_405685,Jo-Yer,Rowe,F,5/19/2041
c_407027,Fernando,Graciani,M,3/22/2011
c_408101,Norma Lawanda,Roberts,F,3/27/2013
c_408203,Ann,Johns,Female,1/20/2011
c_409413,Reinaldo,Arredondo,M,1/20/2014
c_410916,Wakai,Riho,Female,5/31/2013
c_411846,Blair,Wang,M,6/19/2012
c_412389,Andreas,Rutherford,Male,3/10/2014
c_413244,Pearl,Schwartz,Female,8/5/2013
c_414224,Ethan,Hoppe,M,3/28/2013
c_415126,Rafeeda,Hafeez,Female,9/23/2011
c_417126,Griselda,Khan,1,12/22/2014
c_417423,Casandra,Alexander,Female,4/6/2014
c_417983,Lila,Schwartz,Female,12/2/2013
c_418108,Rosemarie,Mercer,Female,3/3/2014
c_418696,Jerrold,Steadman,M,2/25/2014
c_419720,Freeman,Villasenor,M,4/23/2011
c_420937,Johnnie Javier,Harrison,Male,5/20/2011
c_421115,Jacqueline Jessie,Martinez,F,5/31/2011
c_423169,Donn,Mercier,Male,4/19/2013
c_423686,John,Pierce,Female,5/16/2013
c_424004,Myrtle,Colon,Female,3/13/2013
c_424482,Esperanza,Palau,Female,3/20/2013
c_424634,Virginia,Riddle,F,9/8/2014
c_425787,Glenda,Horne,F,4/27/2012
c_426555,Janine,Harris,1,5/17/2013
c_426895,Joyce,Stokes,Female,11/18/2013
c_428076,Hyman,Zhang,M,6/22/2014
c_429706,Donella,Rico,Female,10/19/2011
c_429999,Morena,Varela,Female,4/4/2011
c_429998,Theo,Hoover,Male,7/30/2012
c_430558,Engracia,Bienvenida,Female,10/8/2014
c_430764,Teresa Beverley,Baker,1,12/10/2013
c_431224,Sylvia-Aleida,Wade,Female,3/16/2012
c_431247,Dwain,Troutman,M,7/20/2012
c_431869,Shenita,Rojas,F,8/8/2011
c_432219,Elliot,Dooley,M,4/26/2012
c_432713,Cheryll,Higginbotham-Rasmussen,F,9/15/2013
c_433401,Keith ,Butler de la Cruz,M,8/6/2011
c_433484,Rosa,Arboleda,Female,3/21/2011
c_434161,Katherine,Bradshaw,Female,11/30/2011
c_434351,Gilberto,Alexander,Male,6/26/2014
c_434775,Jonah,Bingham,Male,2/28/2011
c_435652,August,Matlock,Male,8/9/2013
c_436566,Krystle,Sewell,Female,8/28/2013
c_440077,Olinda,Epps-Olivarez,Female,12/27/2014
c_440187,Jere,Crow,M,3/6/2012
c_440504,Ernestine Nichole,Ortega,F,10/29/2011
c_440530,Deont'e,Ward Buckley,0,3/8/2011
c_440832,Shelley Alejandra,Benson,F,11/3/2012
c_441779,Kay,Mcdonald,F,12/19/2012
c_442512,Martin,Rogers-Wilcox,Male,2/12/2013
c_443746,Alexander,Blackburn-Harwell,Female,12/1/2012
c_444146,Ellis Micheal,Dickerson,Male,11/2/2012
c_444617,Nikole,Crump,Female,12/31/2012
c_445337,Clarissa,Marquez,Female,10/13/2011
c_448554,Queen,Ferguson,Female,9/25/2012
c_450149,Dee,Woods,Female,7/30/2013
c_450430,Amy Shari,Griffin,1,11/17/2011
c_450897,Bertram,Parish,M,6/8/2013
c_451020,Gustavo,Rosario,Male,4/12/2014
c_451216,Morgan,See,Female,6/2/2012
c_451267,Hannah,Wade,Female,
c_451767,Joseph ,Foster Mendez,Male,6/29/2013
c_452633,Jasmine,Vega,F,4/20/2011
c_452800,Dong,Mu,M,6/30/2012
c_452999,Ilene,Day,F,11/21/2012
c_453508,Len,Kim,0,10/2/2011
c_454478,Donna Aisha,Bell,1,9/11/2014
c_454593,Saleema,Muhammed,Female,11/18/2012
c_454848,Tang,Chin,Female,2/10/2013
c_455155,Gaston,Kruger,M,2/19/2014
c_455834,Teisha,Valadez,Female,3/24/2013
c_456010,Isaías,Pinto,M,10/18/2012
c_457170,Sharon Cindy,Hughes,F,8/24/2012
c_457246,John ,Walker Tamayo,M,2/13/2012
c_457877,Roberta,Preston,Female,9/15/2011
c_459350,He,Zemin,M,9/17/2011
c_460248,Shi,Jing,Female,11/21/2012
c_460858,Jesse ,Cook Bolling,M,5/18/2014
c_461153,Juan David,Aleman,M,10/29/2012
c_462870,Ardelia,Creighton,Female,10/22/2013
c_462902,Joel,Tamayo,M,8/3/2013
c_464446,Fukaya,Roku,Female,7/12/2014
c_464566,Serafín,Carita,M,7/31/2013
c_465735,Leonor,Rocha,F,3/2/2014
c_466251,Johnnie,Farrell,Female,11/10/2013
c_466324,Viola Melba,Alexander,F,12/18/2011
c_466604,Paz,Xirau,Female,2/10/2013
c_467472,Elinor,Meadows,F,10/16/2013
c_467925,Jean,Barnes,Female,4/26/2014
c_468454,Jesusita,Deaton-Ortega,F,10/25/2014
c_468505,Alexis,Jean,M,8/14/2013
c_469086,Emilia,Gracia,Female,9/11/2014
c_469474,Abigail,Dengra,Female,12/5/2012
c_470212,Gabrielle,Freeman,Female,3/12/2013
c_470362,Maryanne,Eaton-Alvarez,F,3/11/2013
c_470604,Kris,Davenport,Female,2/23/2012
c_471448,Eve,Watts,Female,10/13/2014
c_471452,Randy ,Perez Wallen,M,12/21/2014
c_474118,Shawn,Ramirez,M,6/1/2013
c_474141,Sabrina,Graciani,Female,8/26/2014
c_474921,Vera/Gertude,Lindsey,Female,4/3/2014
c_478302,Carmen,Ocampo,Female,4/19/2011
c_479049,Dennis,Scott-Campos,Male,12/28/2014
c_479907,Nell,Gaines,Female,9/16/2012
c_481294,Cora,Fritz,Female,10/4/2011
c_481544,Sung,Galvez,M,1/31/2014
c_481854,Daniella,Palacio,Female,8/25/2014
c_482237,Hae,Waldron-Gutierrez,F,2/13/2011
c_482440,Nell,Morrison,F,3/30/2011
c_483300,Silvia,Ortiz,Female,6/2/2012
c_485230,Pat,Wong,Female,9/27/2012
c_485517,Ashley,Halcomb,M,11/11/2012
c_485890,Rodrigo,Choi,M,11/16/2012
c_485946,Judson,Totten,M,7/26/2011
c_486084,Isaiah,Clancy2,Male,9/13/2011
c_489528,Sherwood,Viera,M,4/22/2014
c_489701,Rosella,Suarez,F,12/10/2012
c_490668,Albert,Alexander-Bernard,Male,5/5/2013
c_491075,Al,Lee,Male,7/12/2014
c_491207,Son*a,Almanza,Female,5/21/2011
c_491641,Ella Pilar,Cole,F,3/16/2012
c_494308,Donny Alex,Donaldson,Male,5/5/2014
c_494724,Cassandra,Hogan,F,11/16/2012
c_496787,Bree,Wilmoth-Underwood,F,12/11/2014
c_497834,Timothy ,Taylor Reyes,M,1/12/2012
c_499664,Louise Heather,Murphy,1,2/27/2012
c_501336,Mendy,Grubb,F,6/17/2011
c_501531,Veta,Orlando Ayala,F,7/5/2012
c_501615,Tomas,Dawson,Male,1/1/2012
c_502332,Kathleen Belinda,Washington,1,12/15/2012
c_502848,Joesph,Schwarz,M,3/7/2013
c_503082,Adeeb,Abu Sadiq,Male,4/2/2012
c_503879,Annette,Gilmore,1,9/10/2013
c_504769,Talía,Arboleda,Female,1/30/2014
c_507488,Gayle,Floyd,Female,10/3/2012
c_507826,Eufemia,Parent Hamilton,F,10/21/2013
c_511754,Gerald ,Turner Meyers,0,11/24/2012
c_511972,Mel,Wu,Male,5/7/2012
c_512060,Dino,Yarbrough,M,2/8/2012
c_512436,Bradly Tracy,Solomon,Male,1/1/2013
c_512922,Luo,Chang,M,10/8/2012
c_513278,Felicita,Hardman-Wills,Female,4/13/2012
c_513446,Bernetta,Edge-Martinez,F,1/1/2013
c_515764,Phoebe,Lin,F,8/5/2013
c_517452,Annis,Randolph,Female,7/9/2013
c_518053,Julianne,Hebert,Female,1/28/2012
c_519554,Abdul Majeed,al-Dallal,Male,6/13/2013
c_519739,Millicent,Valenzuela,Female,3/10/2012
c_519872,Lu,Zheng,Female,11/15/2012
c_520983,Everett,Wilkins,Male,5/2/2013
c_521056,Lindsay Earnest,Mercado,Male,9/9/2014
c_522469,Erin,Crabtree,M,3/11/2013
c_522649,Blanche,Cooke,Female,7/20/2011
c_522928,Wiley Jerald,Ayala,Male,3/1/2012
c_523229,Yong,Holiday,Male,12/25/2013
c_523239,Graciela,Robbins,Female,12/6/2012
c_523852,Jerrod,Conti,Male,5/1/2012
c_524651,C,Cordova,M,9/14/2014
c_525347,Beatris,Cutler-Mattingly,Female,11/28/2013
c_527593,Hobert,Treadwell,Male,12/27/2013
c_528142,Faith,Frye,Female,11/12/2013
c_530332,Charise,Sel22by,Female,3/4/2011
c_532380,Lavette,Franco Robertson,F,5/29/2011
c_533372,Brandon,Campbell-Riley,Male,9/23/2012
c_533579,Rose,Rush,Female,12/21/2011
c_533745,Marta,Pousa,Female,12/9/2014
c_534441,Linh,Spring,Female,3/18/2013
c_535330,Deann,Medina,Female,3/2/2012
c_535747,Rigoberto,Salley,Male,11/16/2012
c_538953,Jorge,Illescas,M,1/13/2014
c_539883,Faye,Herrera,Female,11/20/2013
c_540171,Lin,Ming,Female,10/24/2014
c_542415,Harry,Coleman-Hansen,M,4/25/2011
c_543289,Efren,Mosier,Male,6/27/2014
c_543623,Alfonso,Armstrong,Male,12/9/2011
c_544751,Warren/Dex,Mcmillan,Male,10/31/2012
c_545646,Gao,Wei,Female,7/4/2011
c_547114,Valerie,Patton,F,12/22/2013
c_547652,Tao,Chao,Female,4/10/2014
c_547849,Latisha,Shaffer,Female,11/29/2012
c_548383,Aurora,Andrade,Female,4/20/2012
c_549698,Roger,Jenkins-Abbott,Male,7/15/2014
c_549773,Zula,Stine,Female,9/16/2012
c_551826,Cai,Huo,Female,12/11/2013
c_551935,Mae Lauri,Ruiz,F,3/12/2012
c_553009,Horace,Tucker-Ayers,0,12/16/2012
c_553675,Pat,Robertson,Female,9/11/2013
c_554619,Hao,Zexian,Female,4/21/2014
c_555863,Cary,Connolly Oconnor,F,11/13/2014
c_556563,Winston,Shelton,Male,7/29/2013
c_557378,Mana,Davison Morterero,Female,8/15/2014
c_559700,Chadwick Delbert,Oliver,Male,6/13/2014
c_560319,Jamison,Maldonado,Male,4/16/2013
c_560333,Ernest ,Nelson Abellán,M,6/25/2012
c_561261,Shaina,Baird Andersen,F,11/27/2012
c_561562,Sasha,House,F,1/29/2013
c_561993,Billie,Stamps,M,5/30/2014
c_562790,TJ,Alvarado,Male,12/31/2013
c_564031,Shelby,Kaufman,F,5/10/2012
c_567212,Lou,Hurst,Female,7/13/2013
c_568137,Debora,Hawkins,Female,12/14/2013
c_568251,Steve ,Diaz Callender,M,1/16/2012
c_572264,Rocky,Churchill,Male,10/26/2014
c_572966,Cole,Bergeron,Male,11/21/2011
c_573055,Beverly Nola,Bryant,1,12/30/2012
c_576208,Ren,Xinyi,Male,11/6/2013
c_576510,Jae,Meeks,M,10/13/2013
c_580776,Briana,Bryan,F,10/31/2011
c_581712,Jana (Essie),Vaughn,F,5/9/2013
c_582969,Guadalupe-Tammi,Santos,Female,5/22/2014
c_583246,Geng,ZhenKang,Female,4/5/2011
c_584374,Gerardo,Fernandino,M,7/7/2013
c_585250,Helen Kenya,Turner,1,1/12/2014
c_587601,Candela,Manzanares,Female,8/28/2012
c_587994,Will,Autry,Male,9/26/2012
c_588059,Billy,Miller-Mcguire,M,10/1/2014
c_588993,Génesis,Berganza,Female,6/5/2013
c_588999,Mai,Villarreal,F,5/30/2011
c_588999,Mai Lelani,Villarreal,F,5/30/2011
c_589292,Hang,Upchurch Gallo,Female,1/5/2014
c_590225,Caroline,Pollard,Female,8/5/2011
c_591013,Pam,Guerrero,Female,9/23/2012
c_591286,Juan,Xirau,M,10/13/2013
c_592662,Aubrey Dwight,Wilkinson,Male,2/3/2011
c_595304,Samuel,Patterson-Wheeler,Male,9/18/2011
c_595340,Autumn,Hammond,Female,7/26/2014
c_596439,Sue,Gay,Female,11/13/2011
c_596875,Carlos Neil,Hutchinson,Male,1/25/2012
c_598599,Theresa,Duncan,Female,5/2/2011
c_598793,Wang,Hong,Female,1/26/2012
c_598820,Amanda Karla,Scott,F,2/9/2011
c_601780,Rayford Carlos,Jefferson,Male,11/26/2012
c_601796,Henry,Gray-Lambert,0,9/13/2011
c_604989,Jermaine Clyde,Navarro,Male,11/6/2013
c_605509,Fran,Schmidt,Female,8/2/2013
c_607431,Nisha,Correa-Mcfarland,F,3/4/2014
c_608109,John,Blankenship,Female,5/23/2012
c_608467,Lola,Laguna,Female,12/23/2014
c_608621,Sumiko,Crosby-Garcia,F,9/13/2012
c_608750,Olin,Tomlin,M,11/11/2013
c_609399,Giuseppina,Mcnabb-Rivera,F,11/2/2014
c_610135,Natosha,Bostic Ramirez,F,1/1/2014
c_612903,Harland,Eggleston,Male,8/1/2013
c_613128,Elisha,Sorenson,M,1/31/2013
c_616290,Latoyia Aayanah,Ellison-Gratis,Female,4/1/2011
c_716090,Latoyia Aayanah,Ellison-Gratis,Female,4/1/2011
c_618858,Jayne,Gould,Female,9/19/2014
c_619894,Jill,Mccarty,Female,7/1/2013
c_620388,Caren,Bruce Macdonald,F,5/3/2013
c_621838,Malinda,Barnett,Female,11/15/2012
c_624548,Gladys-Alva,Bridges,Female,7/14/2014
c_625890,Connie Bryant,Tapia,Male,7/3/2012
c_626062,Susana,Fernandino,Female,6/2/2012
c_626088,Art,Skipper,M,2/5/2012
c_628399,Vito,St. Clair,M,8/18/2011
c_628495,Loren,Floyd,Male,10/24/2012
c_628774,Shayne,Barron,M,3/30/2011
c_629010,Jennifer,Edwards,Female,7/3/2013
c_629316,Deja,Slagle,Female,2/4/2013
c_631463,Marcos,Moruga,M,9/26/2014
c_632079,Stephan,Clarkson,Male,7/26/2012
c_633725,Joan,Jones,Female,12/29/2011
c_634871,Stefan,Sauls,M,6/16/2014
c_635105,Major,Rowell,M,7/18/2013
c_637139,Mina,Greco-Mcgraw,1,4/18/2012
c_639617,Shen,Gengxin,Male,6/1/2013
c_640015,Jacquelyn,Fisher,1,2/8/2013
c_640559,Beau,Dupre,M,1/1/2011
c_642840,Divina,Mayberry-Rees,1,12/2/2014
c_644273,Julia,Price,Female,5/31/2014
c_645239,Britney,Koch,F,7/28/2012
c_646474,Genaro,Bond,M,9/7/2013
c_648416,Abdul Baasid,el-Gaber,M,5/76/2013
c_650003,Axel,Semprún,M,11/16/2014
c_650089,Renata,Pareja,Female,7/27/2012
c_650442,Mo,Liuxian,Female,3/13/2012
c_650607,Royce,Nation,M,3/24/2012
c_650984,Yoshihama,Iyo,Female,11/30/2012
c_651685,Crystal,Gomez,Female,9/12/2012
c_651802,Lora,Wolf,Female,1/1/2014
c_651905,Ryan Julian,Garrison,Male,8/28/2011
c_652160,Devon,Rouse,M,4/18/2014
c_652474,Fay,Santana,F,7/7/2014
c_653141,Chang,Ping,Female,1/18/2011
c_653213,Carylon,Devore-Dabney,1,8/18/2011
c_653732,Jayne,Harrington,Female,1/13/2011
c_655118,Chris,Nicholson,Female,1/1/2011
c_655989,Paul ,Bennett Fuentes,M,5/30/2013
c_655998,Milford,Capps,Male,2/3/2011
c_656464,Barbara,Mercer,Female,6/16/2012
c_656731,Coralie,Benavides,Female,8/30/2011
c_656818,Danielle,Abbott,F,4/21/2011
c_657152,Tiffany,Hardin,F,1/27/2013
c_657951,Bebe,Reno Arboleda,Female,6/11/2012
c_659569,Ruby,Prince,Female,3/20/2013
c_659785,Hilary,Waters,1,7/27/2012
c_660089,Heriberto,Caudle,Male,9/28/2013
c_660814,Vern,Crowe,M,10/16/2013
c_662090,Alan ,Brooks Pollard,0,8/7/2013
c_664266,Vern,Copley,Male,2/8/2013
c_665597,Marylou,Patel,F,6/19/2011
c_665766,Matthew ,Adams  Vega,0,8/16/2012
c_665880,Harlan,Eddy,M,4/25/2011
c_666590,Carson,Fain,n,11/13/2011
c_667326,Lola-Justin,Fowler,F,4/27/2013
c_667724,Willie ,Sanders San Martín,M,6/27/2011
c_667872,Rafael,Padilla,Male,1/31/2013
c_668228,Linwood,Ho,,3/14/2012
c_668564,Stephen ,Flores Hoffmann,M,7/3/2013
c_669372,Yin,Guanyu,Female,6/24/2013
c_670058,Elaine-Emelina,Carr,,12/1/2013
c_671992,Renato,Mathews,M,3/7/2012
c_672260,Berry,Van Wicker,,4/19/2011
c_672877,Dana,Hale,Female,2/7/2011
c_673482,Donna,O'malley-Mejia,F,7/3/2013
c_673563,Adrienne,Strickland,Female,7/8/2011
c_673824,Lynwood,Worth,M,8/12/2014
c_674024,Lindsay,Lebron,M,5/29/2013
c_675226,Waylon,Osgood,M,2/8/2011
c_675721,Beth,Payne,Female,3/31/2012
c_675854,Lauri,Kirk,Female,6/13/2014
c_678285,Rosa,Capmany,Female,3/17/2012
c_679293,Abel Colin,Everett,Male,5/25/2014
c_679297,Julie,Morris,Female,5/20/2014
c_679476,Alta,Vo Deleon,Female,11/24/2011
c_679586,Geraldo,Von  Hamel,M,8/13/2011
c_680123,Woodrow,Ramsey,Male,8/31/2014
c_682231,Jamey Jamie,Mcfarland,Male,11/26/2013
c_685022,Shelby,Haas,M,6/21/2014
c_685326,Lang,Xuegang,M,3/5/2013
c_685645,Teodoro,Ladner,Male,7/1/2011
c_687334,Bernadette,Simmons,F,2/22/2013
c_687757,Donya,Heath,Female,10/29/2011
c_688262,Bonnie Tania,Lewis,1,9/27/2014
c_690154,Maude,Gregory,Female,5/19/2013
c_691100,Jospeh,St. John,M,7/31/2014
c_691691,Kaitlin,Andrew-Miner,G,10/25/2012
c_693021,Walter,Hall-Hatfield,Male,5/21/2013
c_693923,Nagata,Mina,Female,2/18/2012
c_694143,Qian,ZhenKang,Female,6/26/2013
c_694329,Leigh,Kenyon,Male,3/4/2012
c_697352,Osvaldo,Mcgregor,M,1/28/2021
c_698115,Chris,Kidd,Female,6/1/2012
c_699541,Janet Carrie,Richardson,1,1/27/2012
c_699827,Dylan Kyle,Gillespie,Male,3/9/2011
c_700761,Liz,Church,Female,5/3/2014
c_701488,Yan,Xun,Male,12/3/2013
c_701659,Sebastian,Galbraith,Male,9/24/2014
c_702178,Fern,Tapia,F,8/6/2012
c_702741,Walker,Robins,M,6/26/2012
c_703051,James,Mcpherson,Female,8/26/2014
c_703058,Takako,Pettis Mcintosh,F,7/13/2013
c_703340,Dudley,Carlisle,M,9/19/2012
c_703730,Lía,Ros,Female,10/6/2011
c_705643,Russel,Bourque,M,3/16/2012
c_707009,Christi,Felton-Clevenger,Female,6/1/2011
c_707125,Giselle,Olmstead Rasgado,Female,12/17/2013
c_707302,Melissa,Patterson,Female,8/15/2012
c_710128,Marta,Barr,Female,6/19/2014
c_710565,Eleanor,Stafford,F,3/25/2012
c_711249,Danilo,Francois,M,4/17/2012
c_712096,Maryanne,Manning,Female,11/1/2012
c_712855,Gregorio,Pruett,Male,9/1/2013
c_713679,Rebecca Millicent,Day,F,12/14/2014
c_713726,Eli,Ogle,M,6/28/2012
c_714789,Valentine,Durr,Male,8/21/2013
c_716057,Lisa-Leslee,Strickland,F,10/10/2013
c_716238,Khalilah,Sharkey,Female,10/2/2013
c_716257,He,Jing,M,9/15/2013
c_718001,Kanemaru,Ichi,Female,12/8/2012
c_718404,Susan  Jeanine,Evans,F,9/18/2013
c_720408,Melody,Barrett,1,2/9/2014
c_720870,Xavier,Tanaka,M,4/9/2014
c_721786,Shirley,Garcia,Female,7/20/2014
c_722036,Fran,Gallagher,Female,12/15/2011
c_723771,Rex,Ali,Male,4/15/2013
c_723857,Dominga,Fontenot-Foote,Female,1/1/2013
c_724165,Jasper,Tubbs,M,11/9/2014
c_725929,Lynn,Valentine,Female,10/14/2013
c_726151,Judy Marietta,Gonzalez,1,8/18/2012
c_726775,Angelia,Robbins,F,1/1/2014
c_726931,Pilar,Beldad,Female,11/11/2012
c_729312,Maite,Sanz,Female,3/8/2012
c_729428,Débora,Freixa,Female,6/24/2013
c_729757,"Gerardo,",Tamayo,M,3/6/2014
c_731089,Howard Merle,Lozano,Male,2/6/2011
c_732014,Yao,Chen,M,3/30/2011
c_732185,Elisha,Goad,M,8/22/2014
c_733040,Keesha,Mortensen,Female,1/1/2013
c_733834,Arakaki,Ryu,Female,8/19/2014
c_735354,Reid,Churchill,M,11/16/2012
c_736318,Jan,Davila,Female,1/22/2013
c_736742,Beverly,Hammond,F,11/25/2014
c_736867,Garret,Gallagher,Male,8/26/2011
c_737686,Alishia,Winchester-Pacheco,F,2/7/2014
c_738520,Tobías,Zoido,M,11/12/2014
c_740031,Chandra,Little,Female,7/25/2014
c_740744,Lon,Liu,0,11/30/2014
c_741307,Marilee,Merritt,Female,3/31/2013
c_741804,Sanford,Royer,M,6/14/2014
c_742848,Aadila,Shaban,Female,10/8/2011
c_745716,Rey,Key,mm,10/15/2012
c_747251,Arthur ,Henderson Powell,Male,2/23/2012
c_748431,Jonas,Apodaca,Male,12/11/2012
c_749085,Kimberly,Lawson,Female,8/7/2012
c_749777,Gwen,Esparza,Female,8/20/2014
c_749903,Jerold,Dunaway,M,5/1/2011
c_750041,Ollie,Vu,Male,12/19/2014
c_750509,Soledad,Manzanedo,Female,9/15/2012
c_751043,Daron,Van Houghton,M,1/1/2012
c_751330,Peter,Roberts-Clayton,M,3/27/2011
c_751983,Omer,Coombs,M,7/9/2011
c_752846,Erasmo,Wayne,M,3/29/2012
c_753547,Walton,St. James,M,1/19/2011
c_754239,Leanne,Solomon,F,5/1/2013
c_754264,Oscar,Garrido,M,12/8/2012
c_754622,Marilu,Richmond,Female,2/20/2013
c_754670,Loretta,Snyder,F,2/27/2011
c_756453,Clare,Cordova,F,2/25/2011
c_757348,Ulysses,Caudill,M,2/11/2012
c_757449,Deanne,Wall,Female,3/28/2012
c_758355,Camille,Hobbs,Female,5/17/2013
c_758995,Olen,Hadley,Male,6/4/2014
c_760163,Cori,Burgos,1,4/18/2014
c_760954,Art,Ho,0,5/28/2013
c_760967,Maynard,Herrick,M,6/14/2013
c_761055,Nelida,Kimmel Carpenter,F,11/14/2012
c_762709,Sherwood,Trask,M,11/6/2013
c_764698,Regine,Greenlee,1,11/14/2013
c_769214,Zhan,Tu,Male,1/16/2012
c_769778,Bettye,Leon,1,6/11/2013
c_770281,Sharlene,Faison,Female,3/15/2011
c_770679,William Jeffrey,Macias,Male,4/25/2014
c_771330,Madeleine,Rosario,Female,2/6/2014
c_771780,James,Briggs,Female,2/17/2012
c_771966,Cherie,Smith,Female,11/11/2014
c_772361,Armando,Carballar,M,10/18/2011
c_772409,Kirsten,Hughes,Female,3/5/2011
c_772753,Yung,Roland,Female,6/23/2011
c_773388,Eddy,Belton,Male,1/24/2014
c_774900,Elena,Moruga,Female,10/5/2014
c_775440,Emil,Mulligan,M,8/18/2014
c_777856,Sebastián,Fernandino,M,2/21/2014
c_778180,Young,Hand,Female,3/24/2012
c_778805,Wiley,Ogden,Male,12/26/2013
c_780103,Clemente,Joe,M,10/26/2011
c_780193,Rodger Lloyd,Contreras,Male,4/19/2012
c_781836,Boyce,Ridenour,Male,4/18/2012
c_784004,Yesenia,Mora,F,8/8/2011
c_784502,Augustus,Ferrara,M,2/6/2012
c_784940,Kim (Kristi),Doyle,F,1/31/2012
c_785498,Sherri Paloma,Terry,F,5/13/2013
c_785821,Arnetta,Bandy Mcmillan,F,11/17/2013
c_786968,May,Mclaughlin,Female,9/3/2013
c_787116,Ray,Malley,Female,4/8/2012
c_789634,Lang,Mei,Female,3/11/2013
c_789726,Tobias,Main,Male,9/16/2014
c_789855,Craig ,Wilson Alcabú,M,12/10/2012
c_791883,Kozue,Leiko,Female,5/4/2013
c_793428,Zhou,Cai,M,6/1/2013
c_795272,Brittany,Rodgers,F,5/21/2012
c_795950,Debora,Chung,Female,4/16/2014
c_799928,Faye,Giles,Female,5/16/2012
c_800965,Merle,Zavala,Female,8/29/2013
c_801303,Elvin Carlton,Montgomery,Male,9/17/2011
c_801520,Earl ,Hernandez Naranjo,M,4/23/2013
c_802701,Katharine,Charles,1,11/27/2014
c_802891,Eddy,Jarrell,M,12/9/2014
c_802916,Collin Henry,Callahan,Male,1/1/2014
c_803641,Freddie,Parsons,0,5/31/2012
c_804990,Lyndon,Shafer,M,3/30/2013
c_805096,Kaye,Bright,Female,8/30/2014
c_806885,Francisca,Lindsey,F,5/23/2012
c_807676,Dario,Greenberg,Male,11/21/2014
c_809055,Fred ,Reed Xirau,M,12/13/2011
c_810878,Gale,Sturm,M,3/3/2014
c_810954,Julia,Espiga,Female,1/1/2012
c_811862,Colton,Solomon,M,6/20/2011
c_812350,Delores,Wiggins,Female,7/26/2011
c_812978,Sondra,Holden,F,4/13/2011
c_813213,Tonia,Werner,Female,2/11/2011
c_813293,Jessica,Anderson,Female,10/15/2014
c_813909,Young,Macdonald,Female,4/9/2013
c_814811,Tamesha,Speer,Female,11/13/2012
c_815051,Ashley,Kenney,Male,1/11/2013
c_815352,Wonda,Chadwick Palacio,Female,6/9/2013
c_816417,Amado,Escobedo,M,3/14/2013
c_817229,Daniel ,James Holloman 3rd ,M,3/14/2013
c_817953,Tristan,Ly,M,6/30/2014
c_818569,Yukiko,Seymore,Female,1/1/2014
c_819830,Xie,Dai,Female,6/7/2011
c_820922,Antony,Hales,M,2/9/2012
c_820968,Ruth,Mahoney,F,10/13/2011
c_823850,Kiyota,Toshiko,Female,5/29/2011
c_825431,Ailene,Mcdaniels-Zamora,F,9/28/2014
c_825508,Deanna-Janina,May,Female,6/29/2014
c_826180,Lillie,Price,F,1/30/2013
c_826858,Rolland,Wu,Male,7/24/2014
c_829949,George,Lee-Dyer,M,1/28/2012
c_829964,Mao,Luoyang,M,6/21/2014
c_829986,Steven ,Cox Sosa,0,8/31/2013
c_830258,Dede,Healey,1,5/25/2011
c_831694,Kristin Soledad,,F,12/8/2013
c_834310,Tamanna,Shakoor,Female,5/27/2014
c_835593,Alexia,Moya,Female,7/10/2012
c_836169,Douglas,Garcia-Ewing,M,1/21/2012
c_836588,Kang,Ru,Female,4/30/2014
c_836889,Micaela,París,Female,6/10/2013
c_837475,Vaughn,Pickard,Male,11/18/2014
c_838024,Stanton,Keel,Male,9/15/2013
c_838507,Jacque,Franz-Joiner,Female,5/7/2014
c_839972,Morioka,Wakana,Female,12/24/2013
c_840061,Celesta,Hough,Female,9/20/2013
c_840247,Haydee,Scully,Female,2/5/2014
c_841321,Bridgett,Carney,F,11/19/2013
c_841452,Lucretia,Herr Avery,Female,8/5/2013
c_842571,Victoria,Thompson,F,7/1/2014
c_844052,Aimee,Cross,Female,9/4/2011
c_845896,Huda,Niazi,Female,2/8/2012
c_846134,Ben,Lam,Male,12/11/2013
c_846701,Jeanne,May,Female,6/23/2014
c_846788,Mark ,Gonzales Goebel,M,3/21/2014
c_848091,Charles,Knight,Male,10/12/2014
c_850346,Sterling,Gavin,M,5/5/2013
c_850577,Michael,Stark,Female,10/24/2013
c_851114,Merle,Miles,Female,4/8/2012
c_851315,Máximo,Saelices,M,7/20/2012
c_853082,Lenita,Grady Escribano,Female,8/3/2011
c_853274,Colin,Garcia,Male,8/31/2013
c_853398,Bruno,Gee,M,10/2/2011
c_854144,Reena,Stamper,Female,5/16/2013
c_857516,Ralph,Perry-Espina,M,2/23/2012
c_857643,Carolyn Ivy,Gibbs,F,6/15/2012
c_859448,Eusebio,Barney,M,8/28/2012
c_860349,Malinda,Mosley,Female,8/8/2014
c_861391,Clare,Wolf,Female,6/20/2014
c_861646,Bonnie Kristy,Greer,F,11/4/2011
c_861691,Queen,Knox,Female,7/24/2011
c_861859,Del,Murdock,Male,12/18/2013
c_862292,Vonda,Bass,Female,6/16/2012
c_862377,Deanna,Villanueva,Female,6/17/2011
c_866474,Paula,Ocampo,Female,9/3/2012
c_867931,Santo,Berlin,M,5/9/2011
c_868954,Eunice,Bush,Female,11/28/2012
c_869787,Freida,Gentry,1,9/8/2011
c_870436,Stephanie Ursula,Hernandez,1,6/26/2013
c_871313,Yang,Zedong,Female,9/20/2013
c_871419,Xuan,Tu,Female,10/10/2014
c_872094,Primitivo,López,M,2/13/2013
c_873057,William ,Richardson Kaufman,M,2/27/2013
c_873344,Vincenzo,Pierre,M,3/8/2014
c_874802,Wanda Barbra,King,F,9/23/2013
c_875827,Sybil,Reid,Female,4/5/2012
c_878456,Ina,Fields,Female,7/23/2014
c_879545,Joaquin,Pipkin,Male,9/4/2013
c_881968,Tamela,Hurd,Female,11/15/2014
c_883199,Brooke,Cole,Female,12/1/2014
c_883346,Leticia,Castaneda,Female,7/7/2014
c_883631,June,Mcdowell,Female,6/14/2012
c_884342,Aletha,Earls Wilkerson,F,5/21/2011
c_884449,Jonathan ,King Hickson,M,11/4/2014
c_885068,Ezequiel,Conn,M,4/16/2014
c_886185,Rayford,Contreras,M,2/28/2013
c_888617,Hong,Keck,M,7/15/2014
c_889107,Johnie,Huffman,M,6/14/2012
c_892367,Trenton,Cagle,M,7/10/2014
c_893895,Jodi-Romona,Webster,Female,11/12/2014
c_896075,Xue,Yong,Female,8/7/2014
c_897031,Max,Pousa,M,1/18/2014
c_898371,Crista,Rawlings-Elliott,F,11/1/2012
c_898813,Terese,Wirth-Means,1,12/8/2011
c_899420,Ryan ,Baker Venegas,M,10/4/2011
c_900516,Norris,Rowan,M,1/19/2013
c_900922,Phillis,Hamblin-Swartz,Female,9/10/2013
c_900927,Ruth,Sparks,Female,10/23/2014
c_901143,Ernie,Kaufman,Male,6/5/2011
c_902399,Adriana,Mina,Female,9/3/2013
c_902683,Latasha,Sanford,Female,5/13/2012
c_902975,Eliza,Summers,Female,1/6/2011
c_905387,Kitagawa,Miyo,Female,10/7/2014
c_906291,Rod,Gay,0,7/20/2014
c_906362,Dawn,Dominguez,Female,5/25/2012
c_906719,Derick,Navarro,M,3/30/2014
c_907964,Blaine,Noriega,Male,11/3/2014
c_908219,Naegi,Dori,Female,8/21/2014
c_908223,Kim,Koch,Female,8/25/2014
c_910025,Juan,Sebastian Pareja,M,12/20/2014
c_910218,Brady,Canfield,M,8/25/2014
c_910444,Cathryn,Shah,Female,8/23/2014
c_910729,Meghann,Mooney Fraga,Female,4/9/2014
c_911047,Jill,Barr,Female,1/19/2011
c_911257,Zhao,Guanting,0,2/25/2013
c_912013,Nata'sha-Kattie,Cooper,F,5/13/2013
c_912961,Rochelle Marguerite,Rose,F,8/12/2013
c_913746,Tomasa,Cooke,1,8/19/2011
c_914368,Jacquelyn-Rolanda,Crawford,Female,9/22/2012
c_915990,Louis,Torres-Odom,M,11/25/2012
c_916476,Sol,Crayton,Male,3/5/2013
c_916840,Frances,Earle,Male,11/24/2013
c_917211,Concetta,Santiago,Female,6/13/2011
c_917323,Jamal,Easter,M,2/17/2014
c_918046,Tyrell Floyd,Fitzgerald,Male,6/22/2013
c_918145,Maria-Glenna,Hayes,Female,10/4/2014
c_918252,Noelle,Rosenthal-Steen,Female,12/25/2014
c_918339,Mastoora,Hamady,Female,1/1/2011
c_919821,Leo,Ray,0,10/24/2011
c_923215,Vance,Zavala,M,2/16/2013
c_923986,Aurelio,Gossett,M,10/16/2012
c_925242,Lupe,Wood,Female,8/27/2014
c_926952,Beatrice,Wiley,F,1/25/2014
c_927035,Beau,Espinoza,Male,2/7/2012
c_927578,Sarita,Raney,Female,2/7/2012
c_928944,Roosevelt,Villanueva,Male,7/7/2012
c_929025,Rory,Tyson,Male,3/29/2013
c_929482,Mindy,Booth,1,9/9/2011
c_930680,Elizabeth,Madden,1,8/17/2012
c_930707,Marisa,Illescas,Female,8/11/2014
c_930708,Lai,Shui,Female,6/7/2012
c_931155,Latesha,Dubose,1,8/26/2011
c_931202,Eusebio,Langford,Male,1/11/2012
c_931206,Elaine,Beck,Female,5/27/2014
c_933175,Leif,Brinson,M,3/6/2011
c_933194,Gabriela,Milligan-Leung,Female,1/6/2012
c_933396,Felicia-Florine,Nash,F,10/27/2011
c_933433,Gale,Crane,Female,6/25/2012
c_934087,Beau,Larue,Male,9/5/2011
c_934591,Willie Alton,Mcpherson,Male,11/21/2014
c_935300,Jerrold Lonnie,Mccormick,Male,2/21/2012
c_937306,Mikel Jeremy,Singleton,Male,2/25/2014
c_937337,Lottie,Buckley,1,2/2/2012
c_938644,Tanisha,Dickson,Female,10/13/2011
c_939620,Tisha,Kline,1,2/14/2012
c_940474,Melba Ana Sofia,Tate,F,6/30/2014
c_940789,Alonzo,Puig,M,10/9/2013
c_941363,June,Lee,Female,5/10/2014
c_942154,Paige,Sims,Female,10/18/2012
c_943675,Hollie,Austin,F,2/10/2014
c_943926,Lucile,Mendez,Female,3/24/2014
c_944730,Vivian,Bienvenida Concepción,Female,3/22/2012
c_944797,Xenia,Crane Carvallo,Female,10/16/2013
c_944933,Carmela,Herring,Female,2/7/2014
c_945980,Modesto,Dorsey,M,11/14/2014
c_946067,Alberta Violeta,Harvey,F,4/16/2014
c_946850,Earl,Riley,Male,12/7/2013
c_947412,Patricia Patrica,Thomas,F,7/31/2013
c_947973,Qin,Shi,Female,5/19/2013
c_950096,Corrine,Steele,Female,9/28/2013
c_950396,Lilly,Knight,Female,4/25/2011
c_951137,María,Alejandra-Collazo,Female,5/21/2014
c_951514,Judith Tammi,Henderson,F,5/30/2013
c_953029,David Rodney,Elliott,Male,5/10/2014
c_953405,Jarvis,Mcgill,M,3/17/2014
c_954750,Celia-Enid,Carson,F,4/25/2012
c_955039,Sherwood,Anders,Male,10/8/2012
c_955243,Matthew,Zoido,M,7/9/2011
c_955381,Lai,Xieren,M,2/23/2013
c_956118,Leonel,Waldrop,M,7/3/2011
c_959248,Laurence Gregory,Nicholson,Male,7/18/2012
c_959591,Angelique,Porter,Female,12/3/2012
c_959763,Aida,Alvarado,Female,10/15/2012
c_960642,Bud,Le,0,5/24/2012
c_961675,Daria,London,Female,6/14/2013
c_962476,Xian,Heng,M,8/31/2013
c_962565,Minta,Harness-Mabe,1,11/25/2013
c_962989,Caroll,Tom-Cervantes,F,7/8/2011
c_963387,Iwata,Aoba,Female,3/7/2012
c_966463,Yonamine,Akio,Female,2/27/2012
c_967611,Priscilla Erma,Wong,F,9/2/2013
c_968094,Larry ,Long Owens,0,9/26/2013
c_968724,Alexis,Borden,Male,12/31/2011
c_969023,Okubo,Wakano,Female,2/22/2014
c_970354,Noguchi,Yasu,Female,12/10/2014
c_971511,Camilo,Venegas,M,12/28/2014
c_971857,Celeste,Villacrés,Female,12/30/2014
c_972508,Jacquelynn,Schreiber-Lawless,1,12/31/2013
c_973190,Marguerite,Valencia,Female,3/11/2013
c_974140,Carter,Benefield,Male,1/1/2014
c_974382,Emily,Torres,Female,10/30/2012
c_976523,Polly,Holmes,Female,7/20/2013
c_976705,Kristina Florine,Miles,F,10/7/2011
c_976893,Rose Zelma,Kelly,F,12/31/2011
c_976956,Beryl,Singh Fernandez,F,4/18/2013
c_977506,Johnny,Jones,M,9/10/2012
c_980210,Blair,Trapp,M,7/14/2013
c_980315,Jeramy,Dyson,M,5/29/2012
c_983303,Sarah Genevieve,Carter,1,10/7/2013
c_983883,Heather Jaclyn,Ross,1,5/2/2014
c_984502,Xiao,Hai,M,9/24/2014
c_984577,Denver,Reis,M,12/15/2011
c_985871,Jeanne-Clementina,Chambers,,1/1/2014
c_986699,Conrad Joseph,Macdonald,Male,1/1/2012
c_987503,Tanner,Maurer,M,3/6/2012
c_987897,Lea,Sharp,Female,5/10/2013
c_988379,Tresa,Settle-Tatum,Female,4/7/2013
c_989286,Janis-Martha,Boyd,Female,12/8/2014
c_989997,George,Oliver,Male,3/13/2011
c_990308,Shelton,Hassell,M,6/30/2012
c_990454,Avery,Arellano,Male,4/15/2012
c_990957,Adam,Barnes-Duarte,Male,3/2/2013
c_991149,Barton,Fortin,Male,12/5/2014
c_991475,Maximo,Lentz,M,12/8/2011
c_991708,Waldo,London,M,7/13/2014
c_993075,Jonie,Blue,Female,9/27/2012
c_994239,Kagurazaka,Chinami,Female,9/5/2012
c_994752,Arianna,Lanier Holloway,G,11/23/2013
c_995424,Margaret-Sadye,Dean,Female,8/8/2011
c_995650,Alberto,Castaneda,Male,6/7/2014
c_996146,Ivan,Montreal,M,7/24/2014
c_998254,Rosalva,Devito-Batchelor,Female,4/11/2011
c_999174,Jillian,Bailey,Female,5/10/2013
c_999539,Concepción,Tamayo,Female,10/4/2012
c_999771,Faith,Gonzalez,Female,6/29/2011
